详情链接,使用日期
https://solarquarter.com/2026/03/14/central-pollution-control-board-issues-new-2026-guidelines-for-safe-storage-and-handling-of-waste-solar-panels-in-india/,2026-03-16
https://solarquarter.com/2026/03/14/pfc-consulting-launches-bidding-for-massive-14-gw-power-evacuation-transmission-system-linking-gujarat-and-maharashtra/,2026-03-16
https://solarquarter.com/2026/03/14/ministry-of-power-proposes-electricity-consumer-rights-amendment-rules-2026-to-introduce-demand-response-time-of-day-tariffs-and-stronger-billing-protection/,2026-03-16
https://www.electrive.com/2026/03/14/leaf-batteries-support-charging-stations-in-spain/,2026-03-16
https://www.electrive.com/2026/03/14/fastned-secures-e32-4-million-from-private-investors/,2026-03-16
https://solarquarter.com/2026/03/13/top-stories-of-the-day-draft-consumer-rights-rules-boost-solar-storage-cerc-clears-%e2%82%b911-88-cr-solar-compensation-and-more/,2026-03-16
https://solarquarter.com/2026/03/13/sunpower-inc-completes-integration-of-sunder-energy-marking-a-major-step-in-its-long-term-operational-growth-strategy/,2026-03-16
https://solarquarter.com/2026/03/13/bahrain-launches-international-tender-for-100-mw-bilaj-al-jazayer-solar-power-project/,2026-03-16
https://solarquarter.com/2026/03/13/indias-energy-storage-market-surges-as-iesa-prepares-to-launch-white-paper-at-sesi-2026/,2026-03-16
https://solarquarter.com/2026/03/13/uperc-reviews-npcl-plan-to-procure-80-mw-320-mwh-battery-storage-to-address-rising-power-deficit-in-greater-noida/,2026-03-16
https://solarquarter.com/2026/03/13/uperc-reviews-tariffs-for-250-mw-1000-mwh-battery-energy-storage-project-in-uttar-pradesh/,2026-03-16
https://solarquarter.com/2026/03/13/draft-electricity-consumer-rights-amendments-2026-what-it-means-for-solar-storage-and-distributed-energy/,2026-03-16
https://solarquarter.com/2026/03/13/pm-surya-ghar-muft-bijli-yojana-driving-indias-rooftop-solar-revolution-and-affordable-clean-energy-for-millions/,2026-03-16
https://solarquarter.com/2026/03/13/u-s-department-of-energy-announces-1-9-billion-funding-opportunity-to-accelerate-grid-modernization/,2026-03-16
https://solarquarter.com/2026/03/13/india-hits-520-gw-capacity-rdss-and-smart-metering-cut-losses-boost-discom-profits/,2026-03-16
https://www.electrive.com/2026/03/13/thunderplus-to-build-1-6-mw-charging-hub-in-india/,2026-03-16
https://www.electrive.com/2026/03/13/byd-to-launch-flash-charger-in-europe-in-april/,2026-03-16
https://www.electrive.com/2026/03/13/chargepoint-offers-charging-solutions-for-ford-pro-customers/,2026-03-16
https://www.power-technology.com/news/us-doe-announces-1-9bn-in-funding-for-grid-upgrades/,2026-03-16
https://www.energy-storage.news/new-york-leads-us-in-bess-moratoriums-recent-data-shows/,2026-03-16
https://www.energy-storage.news/google-completes-us4-75-billion-intersect-power-acquisition-initial-focus-on-california-texas-solar-plus-storage/,2026-03-16
https://www.pv-magazine.com/2026/03/13/global-renewable-capacity-to-reach-8-4-tw-by-2031-says-globaldata/,2026-03-16
https://www.pv-magazine.com/2026/03/13/peak-energy-rwe-to-deploy-first-sodium-ion-battery-in-miso/,2026-03-16
https://www.pv-magazine.com/2026/03/13/open-access-solar-set-to-drive-next-phase-of-indias-ci-growth/,2026-03-16
https://solarquarter.com/2026/03/12/top-stories-of-the-day-powerhive-launches-vion-battery-india-solar-capacity-hits-136-gw-and-more/,2026-03-16
https://solarquarter.com/2026/03/12/tata-power-partners-with-salesforce-to-launch-a-fully-integrated-ai-driven-digital-ecosystem-for-rooftop-solar-ev-charging-and-smart-energy-solutions-across-india/,2026-03-16
https://solarquarter.com/2026/03/12/hartek-commissions-agrivoltaic-open-access-solar-project-in-punjab/,2026-03-16
https://solarquarter.com/2026/03/12/zelestra-begins-full-commercial-operations-at-the-villamanan-solar-project-a-19-mwdc-facility-in-leon-strengthening-clean-energy-capacity-in-spain/,2026-03-16
https://solarquarter.com/2026/03/12/european-commission-launches-citizens-energy-package-and-clean-energy-investment-strategy-to-make-power-cheaper-and-speed-up-the-green-transition/,2026-03-16
https://solarquarter.com/2026/03/12/solarpower-europe-reports-that-public-energy-auctions-and-corporate-ppas-delivered-92-gw-of-solar-in-the-eu-between-2022-and-2025-supplying-28-million-households/,2026-03-16
https://solarquarter.com/2026/03/12/vikram-solars-powerhive-launches-vion-lithium-battery-brand-for-home-backup-and-electric-mobility/,2026-03-16
https://solarquarter.com/2026/03/12/indias-solar-capacity-reaches-136-gw-says-pralhad-joshi-as-international-solar-alliance-expands-global-partnership/,2026-03-16
https://solarquarter.com/2026/03/12/pspcl-issues-tender-for-500-mw-1000-mwh-standalone-battery-energy-storage-projects-in-punjab/,2026-03-16
https://solarquarter.com/2026/03/12/indias-solar-capacity-crosses-143-gw-as-renewable-energy-growth-gains-momentum-in-early-2026/,2026-03-16
https://www.electrive.com/2026/03/12/dcb-energy-builds-truck-charging-network-in-benelux/,2026-03-16
https://www.energy-storage.news/new-jersey-state-government-advances-1gw-of-battery-storage-in-energy-affordability-push/,2026-03-16
https://www.pv-magazine.com/2026/03/12/vikram-solar-unit-powerhive-launches-vion-lithium-batteries-in-india/,2026-03-16
https://www.pv-magazine.com/2026/03/12/india-launches-tender-for-1-gw-round-the-clock-renewable-power/,2026-03-16
https://www.pv-magazine.com/2026/03/12/debt-laden-south-african-municipalities-may-turn-to-solar-plus-battery-backup-solutions/,2026-03-16
https://www.pv-magazine.com/2026/03/12/us-solar-installations-reach-43-gw-in-2025-despite-slowdown/,2026-03-16
https://solarquarter.com/2026/03/11/u-s-solar-installations-hit-43-gw-in-2025-keeping-solar-the-top-source-of-new-power-for-the-fifth-year-says-solar-energy-industries-association-wood-mackenzie/,2026-03-16
https://solarquarter.com/2026/03/11/hygge-energy-and-atria-renewable-partner-to-accelerate-rooftop-solar-and-p2p-energy-trading-in-bengaluru/,2026-03-16
https://solarquarter.com/2026/03/11/rerc-approves-tariff-for-500-mw-2000-mwh-standalone-bess-project-in-rajasthan-to-strengthen-grid-stability/,2026-03-16
https://solarquarter.com/2026/03/11/waaree-renewable-bags-300-mw-solar-epc-contract/,2026-03-16
https://solarquarter.com/2026/03/11/boviet-solar-strengthens-position-in-u-s-residential-solar-market-with-high-efficiency-pv-modules-and-expanded-manufacturing/,2026-03-16
https://solarquarter.com/2026/03/11/hppcl-invites-bids-for-6-mw-solar-project-with-2-1-mw-4-2-mwh-bess-in-himachal-pradesh/,2026-03-16
https://solarquarter.com/2026/03/11/roofsol-energy-signs-7-mwp-solar-ppa-with-jk-tyre-for-uttarakhand-facility/,2026-03-16
https://www.electrive.com/2026/03/11/enel-reports-over-3700-new-charging-stations-for-italy/,2026-03-16
https://www.electrive.com/2026/03/11/charing-infrastructure-expands-in-pennsylvania-with-nevi/,2026-03-16
https://www.electrive.com/2026/03/11/evolt-charging-selects-ampeco-for-ev-charging-platform/,2026-03-16
https://www.power-technology.com/news/aypa-power-six-nations-512m-bess-projects/,2026-03-16
https://www.energy-storage.news/rwe-brings-online-four-bess-projects-in-13gw-us-clean-energy-portfolio/,2026-03-16
https://www.energy-storage.news/aypa-power-closes-us512-million-financing-for-two-ontario-bess-projects/,2026-03-16
https://www.pv-magazine.com/2026/03/11/eu-solar-auctions-corporate-ppas-delivered-92-gw-in-2022-25-period/,2026-03-16
https://www.pv-magazine.com/2026/03/11/setting-the-stage-for-us-energy-storage/,2026-03-16
https://www.pv-magazine.com/2026/03/11/u-s-court-upholds-current-net-billing-mechanism-dealing-blow-to-rooftop-solar-in-california/,2026-03-16
https://solarquarter.com/2026/03/10/acen-to-invest-268-million-in-2-gwh-battery-storage-for-san-marcelino-solar-park-in-philippines/,2026-03-16
https://solarquarter.com/2026/03/10/tunisia-invites-bids-for-300-mw-solar-project-with-150-mw-540-mwh-battery-storage-in-kebili/,2026-03-16
https://solarquarter.com/2026/03/10/solex-energys-3-78-gw-surat-solar-module-plant-added-to-mnres-almm-list/,2026-03-16
https://solarquarter.com/2026/03/10/trinasolar-tops-bnef-bankability-rating-for-the-eighth-time/,2026-03-16
https://solarquarter.com/2026/03/10/acme-solar-secures-%e2%82%b92300-crore-long-term-financing-from-nabfid-to-expand-renewable-energy-projects/,2026-03-16
https://solarquarter.com/2026/03/10/global-ldes-installations-cross-15-gwh-in-2025-as-lithium-ion-battery-economics-reshape-energy-storage-landscape/,2026-03-16
https://solarquarter.com/2026/03/10/catl-reports-strong-growth-in-2025-strengthens-global-leadership-in-battery-and-energy-storage-markets/,2026-03-16
https://solarquarter.com/2026/03/10/india-strengthens-grid-infrastructure-to-integrate-over-500-gw-of-non-fossil-capacity-by-2030/,2026-03-16
https://www.electrive.com/2026/03/10/malaysia-tesla-begins-opening-its-charging-network-to-other-evs/,2026-03-16
https://www.energy-storage.news/argentina-launches-700mw-2800mwh-bess-tender/,2026-03-16
https://www.energy-storage.news/base-power-launches-100mw-vpp-programme-in-texas/,2026-03-16
https://www.energy-storage.news/from-software-to-shareholder-flower-volkswagens-elli-and-nuvve-launch-germany-sweden-bess-projects/,2026-03-16
https://www.pv-magazine.com/2026/03/10/wales-first-part-of-uk-to-mandate-solar-panels-on-new-buildings/,2026-03-16
https://www.pv-magazine.com/2026/03/10/hizenergy-launches-four-product-ci-storage-lineup-with-300-kw-pcs/,2026-03-16
https://www.pv-magazine.com/2026/03/10/volkswagen-launches-first-large-scale-battery-storage-project-in-germany/,2026-03-16
https://www.pv-magazine.com/2026/03/10/longi-launches-fire-resistant-solar-module-for-rooftop-pv/,2026-03-16
https://www.pv-magazine.com/2026/03/10/financial-sponsors-increasingly-back-european-battery-storage-platforms/,2026-03-16
https://www.pv-magazine.com/2026/03/10/involtics-launches-gtsi-single-phase-hybrid-inverter-for-homes/,2026-03-16
https://solarquarter.com/2026/03/09/solar-energy-industries-association-applauds-massachusetts-house-of-representatives-for-passing-energy-affordability-and-clean-power-bill/,2026-03-16
https://solarquarter.com/2026/03/09/solar-energy-industries-association-and-benchmark-mineral-intelligence-report-highlights-rapid-growth-of-battery-storage-in-the-united-states/,2026-03-16
https://solarquarter.com/2026/03/09/cigre-and-450-mhz-alliance-release-white-paper-on-power-grid-private-wireless-networks-to-advance-industry-wide-adoption/,2026-03-16
https://solarquarter.com/2026/03/09/karnataka-budget-2026-pushes-solar-expansion-battery-storage-and-ev-charging-infrastructure/,2026-03-16
https://solarquarter.com/2026/03/09/acme-solar-commissions-33-335-mw-160-48-mwh-battery-energy-storage-project-in-rajasthan/,2026-03-16
https://solarquarter.com/2026/03/09/china-connects-worlds-largest-ai-powered-energy-storage-station-to-grid/,2026-03-16
https://solarquarter.com/2026/03/09/kpi-green-energy-signs-battery-energy-storage-purchase-agreement-with-guvnl-for-445-mw-890-mwh-standalone-bess-project-in-gujarat/,2026-03-16
https://solarquarter.com/2026/03/09/merc-approves-2000-mw-4000-mwh-bess-procurement-for-msedcl-to-boost-grid-stability-and-renewable-integration/,2026-03-16
https://solarquarter.com/2026/03/09/tata-power-and-salesforce-partner-to-build-ai-driven-clean-energy-ecosystem/,2026-03-16
https://solarquarter.com/2026/03/09/inspired-evolution-exits-stake-in-commercial-energy-sa-as-solarafrica-acquires-ci-solar-and-bess-portfolio/,2026-03-16
https://www.electrive.com/2026/03/09/elli-commissions-first-large-scale-battery-storage-in-germany/,2026-03-16
https://www.electrive.com/2026/03/09/tesla-opens-electric-truck-charging-hub-for-semi-customers/,2026-03-16
https://www.electrive.com/2026/03/09/octopus-launches-plunge-pricing-ev-charging-in-france/,2026-03-16
https://www.energy-storage.news/origin-energys-650mwh-grid-forming-bess-begins-commissioning-in-australia/,2026-03-16
https://www.pv-magazine.com/2026/03/09/battery-atlas-2026-maps-europes-cell-pack-and-battery-manufacturers/,2026-03-16
https://www.pv-magazine.com/2026/03/09/hinen-releases-residential-off-grid-inverter/,2026-03-16
https://www.pv-magazine.com/2026/03/09/rooftop-solar-rebounds-in-australia-home-battery-demand-surges/,2026-03-16
https://www.pv-magazine.com/2026/03/09/jackery-introduces-solarvault-3-series-of-residential-solar-storage-solutions-in-the-netherlands/,2026-03-16
https://www.pv-magazine.com/2026/03/09/growing-pains-grid-congestion-as-a-renewables-bottleneck/,2026-03-16
https://www.pv-magazine.com/2026/03/09/photovoltaics-reach-16-1-share-of-germanys-electricity-generation-in-2025/,2026-03-16
https://www.pv-magazine.com/2026/03/09/qcells-resumes-us-solar-panel-production-after-customs-related-furlough/,2026-03-16
https://solarquarter.com/2026/03/14/chinese-battery-firm-sigenergy-unveils-166-kw-inverter-for-ci-solar-installations/,2026-03-16
https://solarquarter.com/2026/03/16/peak-energy-deploys-passively-cooled-sodium-ion-battery-system-with-rwe-americas/,2026-03-16
https://www.energy-storage.news/us-sodium-ion-startup-peak-energy-piloting-3-1mwh-system-at-rwe-wisconsin-lab/,2026-03-16https://solarquarter.com/2026/03/16/the-solar-week-vietnam-2026-concludes-successfully-bringing-together-leaders-powering-the-countrys-solar-energy-storage-future/,2026-03-17
https://www.energy-storage.news/cambodia-welcomes-significant-and-historic-achievement-of-1gwh-grid-forming-battery-storage-project/,2026-03-17
https://www.pv-magazine.com/2026/03/16/australia-backed-rooftop-solar-to-power-remote-samoan-communities/,2026-03-17
https://www.pv-magazine.com/2026/03/16/waaree-energies-begins-construction-of-10-gw-ingot-wafer-plant-in-india/,2026-03-17
https://www.pv-tech.org/clenera-raises-us304-million-120mw-solar-plus-storage-project-idaho/,2026-03-17
https://www.pv-tech.org/octopus-300mw-solar-plus-storage-project-lands-flow-power-offtake/,2026-03-17
https://www.pv-tech.org/ai-in-pv-plant-operations-the-road-ahead/,2026-03-17
https://www.pv-tech.org/finlight-atrato-merge-target-2w-operational-distributed-solar-pv-capacity-europe-2030/,2026-03-17
https://www.pv-tech.org/waaree-begins-construction-of-its-10gw-solar-ingot-and-wafer-plant-in-maharashtra/,2026-03-17
https://www.pv-tech.org/solar-pv-and-energy-storage-get-boost-in-new-maryland-legislation/,2026-03-17
https://www.pv-tech.org/genesis-energy-breaks-ground-on-136mwp-solar-pv-power-plant-in-new-zealand/,2026-03-17
https://www.pv-tech.org/edify-energy-secures-approval-for-100mw-solar-plus-storage-site-in-australia/,2026-03-17
https://reneweconomy.com.au/rise-of-the-big-orange-blob-australias-biggest-batteries-change-the-game-in-its-largest-isolated-grid/?utm_source=rss&utm_medium=rss&utm_campaign=rise-of-the-big-orange-blob-australias-biggest-batteries-change-the-game-in-its-largest-isolated-grid,2026-03-17
https://reneweconomy.com.au/brilliant-economics-offtake-deal-seals-delivery-of-australias-biggest-solar-battery-hybrid-project/?utm_source=rss&utm_medium=rss&utm_campaign=brilliant-economics-offtake-deal-seals-delivery-of-australias-biggest-solar-battery-hybrid-project,2026-03-17
https://www.mercomindia.com/uttar-pradesh-regulator-approves-tariffs-for-1-gwh-battery-storage-projects,2026-03-17
https://www.mercomindia.com/germanys-grid-connected-solar-capacity-rises-to-106-2-gw-in-2025,2026-03-17
https://reneweconomy.com.au/graph-of-the-day-batteries-overtake-gas-in-morning-peaks-in-australias-most-advanced-renewable-grid/?utm_source=rss&utm_medium=rss&utm_campaign=graph-of-the-day-batteries-overtake-gas-in-morning-peaks-in-australias-most-advanced-renewable-grid,2026-03-17
https://solarquarter.com/2026/03/13/mgen-expands-mterra-solar-project-with-3-5-gw-capacity-and-battery-storage-to-strengthen-the-philippines-energy-security/,2026-03-17
https://solarquarter.com/2026/03/13/p3c-technology-and-solutions-launches-perovskite-validation-platform-in-india-to-advance-next-generation-solar-technology/,2026-03-17
https://solarquarter.com/2026/03/13/ebrd-considers-e40-million-loan-for-solar-and-battery-storage-project-in-tunisia/,2026-03-17
https://solarquarter.com/2026/03/13/kansai-transmission-and-distribution-invests-%e2%82%b9160-crore-in-omc-power-to-support-distributed-renewable-energy-expansion-in-india/,2026-03-17
https://solarquarter.com/2026/03/13/distributed-solar-strategy-gains-momentum-as-morocco-begins-work-on-305-mw-noor-atlas-program/,2026-03-17
https://solarquarter.com/2026/03/13/becsa-hjt-solar-modules-and-rr-kabel-pemium-insulation-solar-cables-join-hands-to-offer-heat-tolerant-solar-hardware-for-hot-and-tough-indian-climates/,2026-03-17
https://solarquarter.com/2026/03/13/spev-sustainability-and-changshin-dong-nai-sign-agreement-for-rooftop-solar-project-in-vietnam/,2026-03-17
https://reneweconomy.com.au/fresh-blow-to-queensland-renewables-as-china-giant-scraps-plan-for-big-battery-called-in-by-state-lnp/?utm_source=rss&utm_medium=rss&utm_campaign=fresh-blow-to-queensland-renewables-as-china-giant-scraps-plan-for-big-battery-called-in-by-state-lnp,2026-03-18
https://solarquarter.com/2026/03/17/top-stories-of-the-day-renew-secures-95m-for-ci-platform-rajasthan-unveils-bess-regulations-2026-and-more/,2026-03-18
https://solarquarter.com/2026/03/17/renew-energy-global-plc-secures-95-million-from-leapfrog-investments-led-consortium-to-scale-ci-clean-energy-platform/,2026-03-18
https://solarquarter.com/2026/03/17/mnre-mandates-aadhaar-authentication-for-pm-surya-ghar-rooftop-solar-subsidy-scheme/,2026-03-18
https://solarquarter.com/2026/03/17/cambodia-launches-largest-1000-mwh-battery-storage-project-to-boost-grid-stability/,2026-03-18
https://solarquarter.com/2026/03/17/kenya-clean-energy-week-2026-to-convene-east-africas-leading-solar-storage-and-smart-energy-leaders-in-nairobi/,2026-03-18
https://solarquarter.com/2026/03/17/smartsolar-secures-1-3-million-debt-funding-to-expand-rooftop-solar-access-in-vietnam/,2026-03-18
https://solarquarter.com/2026/03/17/anthem-begins-construction-of-475-mw-notsi-solar-project-in-south-africa-with-future-bess-plans/,2026-03-18
https://solarquarter.com/2026/03/17/founder-group-secures-rm19-5-million-epc-contract-for-5-5mw-solar-project-in-malaysia/,2026-03-18
https://solarquarter.com/2026/03/17/power-grid-corporation-of-india-limited-plans-major-restructuring-with-merger-of-28-subsidiaries/,2026-03-18
https://solarquarter.com/2026/03/17/anzen-india-energy-raises-%e2%82%b9696-crore-via-preferential-issue-expands-renewable-energy-portfolio/,2026-03-18
https://solarquarter.com/2026/03/17/deye-inverter-singapore-pte-ltd-wins-technology-innovation-excellence-award-at-the-solar-week-vietnam-leadership-awards-2026/,2026-03-18
https://solarquarter.com/2026/03/17/erc-pushes-regulatory-reforms-to-improve-electricity-affordability-and-access-in-philippines/,2026-03-18
https://solarquarter.com/2026/03/17/starsight-secures-15-million-funding-from-bii-to-expand-clean-energy-solutions-in-west-africa/,2026-03-18
https://solarquarter.com/2026/03/17/indonesia-advances-rural-electrification-with-2-mw-solar-projects-in-sumenep-backed-by-pln-and-danantara/,2026-03-18
https://solarquarter.com/2026/03/17/ntpc-floats-tender-for-solar-panel-installation-at-bihar-government-school-under-make-in-india-push/,2026-03-18
https://solarquarter.com/2026/03/17/uae-solar-pv-capacity-set-to-surge-to-32-3-gw-by-2035-driven-by-strong-policy-push-and-mega-projects-says-globaldata/,2026-03-18
https://solarquarter.com/2026/03/17/rerc-proposes-key-amendments-to-renewable-tariff-regulations-extends-control-period-to-2028/,2026-03-18
https://solarquarter.com/2026/03/17/india-achieves-50-non-fossil-power-capacity-advances-toward-500-gw-renewable-target-by-2030/,2026-03-18
https://solarquarter.com/2026/03/17/rajasthan-introduces-bess-regulations-2026-to-boost-energy-storage-and-grid-stability/,2026-03-18
https://solarquarter.com/2026/03/17/india-strengthens-national-grid-for-non-fossil-power-integration-targets-500-gw-renewable-capacity-by-2030/,2026-03-18
https://solarquarter.com/2026/03/17/india-achieves-520-51-gw-installed-power-capacity-government-strengthens-measures-to-ensure-peak-demand-reliability/,2026-03-18
https://www.electrive.com/2026/03/17/raw-charging-to-open-uks-largest-destination-charging-hub/,2026-03-18
https://www.electrive.com/2026/03/17/paua-partners-with-uk-truck-dealers-on-16-new-charging-sites/,2026-03-18
https://www.electrive.com/2026/03/17/new-ai-tool-calculates-ev-dwell-time-at-charging-stations/,2026-03-18
https://www.electrive.com/2026/03/17/tesla-to-solely-build-v4-power-units-in-the-us-as-v3-production-phased-out/,2026-03-18
https://www.power-technology.com/news/clenera-secures-financing-idaho-project/,2026-03-18
https://www.power-technology.com/news/gamechange-tracker-order-egypts-solar-project/,2026-03-18
https://www.energy-storage.news/ul9540a-new-edition-of-key-bess-fire-safety-standard-establishes-new-precedent/,2026-03-18
https://www.energy-storage.news/samsung-sdi-secures-us1-billion-us-ess-cell-supply-deal-usitc-says-china-aam-imports-do-not-hinder-us-industry-growth/,2026-03-18
https://www.pv-magazine.com/2026/03/17/us-says-china-not-undercutting-domestic-battery-anode-makers/,2026-03-18
https://www.pv-magazine.com/2026/03/17/indias-35-gw-renewable-capacity-at-curtailment-risk-warns-crisil-ratings/,2026-03-18
https://www.pv-magazine.com/2026/03/17/k2-systems-unveils-elevated-pv-mounting-solution-for-metal-roofs/,2026-03-18
https://www.pv-magazine.com/2026/03/17/discovery-of-passivating-pinholes-in-topcon-solar-cells-paves-the-way-for-higher-efficiencies/,2026-03-18
https://www.pv-magazine.com/2026/03/17/icelands-utility-commissions-solar-plus-storage-for-ev-charging/,2026-03-18
https://www.pv-magazine.com/2026/03/17/atmoce-launches-backup-box-for-three-phase-emergency-power-retrofit/,2026-03-18
https://www.pv-magazine.com/2026/03/17/marstek-launches-2-kwh-plug-in-battery-storage-system/,2026-03-18
https://www.pv-magazine.com/2026/03/17/italian-solar-sector-gears-up-for-cybersecurity-regulations-on-pv-systems-over-100-kw/,2026-03-18
https://www.pv-magazine.com/2026/03/17/grid-forming-bess-set-to-stabilize-australias-hyperscale-data-centers/,2026-03-18
https://www.pv-magazine.com/2026/03/17/fox-ess-presents-residential-storage-system-line-with-89-6-round-trip-efficiency/,2026-03-18
https://www.pv-magazine.com/2026/03/17/renewsys-inaugurates-3-gw-solar-module-plant-in-india/,2026-03-18
https://www.pv-magazine.com/2026/03/17/dmegc-launches-475-w-full-black-solar-module/,2026-03-18
https://www.pv-tech.org/grid-consolidation-gathers-pace-amid-indias-renewable-energy-surge/,2026-03-18
https://www.pv-tech.org/sunsure-secures-us65-6-million-debt-to-fund-242mwp-solar-portfolio-in-india/,2026-03-18
https://www.pv-tech.org/idemitsu-renewables-powers-up-california-solar-plus-storage-site/,2026-03-18
https://www.pv-tech.org/masen-starts-construction-305mw-solar-pv-portfolio-morocco/,2026-03-18
https://reneweconomy.com.au/danish-renewables-giant-crowns-royal-visit-with-inauguration-of-australian-solar-farm/?utm_source=rss&utm_medium=rss&utm_campaign=danish-renewables-giant-crowns-royal-visit-with-inauguration-of-australian-solar-farm,2026-03-18
https://reneweconomy.com.au/nsw-finesses-plan-to-boost-solar-battery-hybrids-as-it-prepares-massive-new-tenders-to-replace-coal/?utm_source=rss&utm_medium=rss&utm_campaign=nsw-finesses-plan-to-boost-solar-battery-hybrids-as-it-prepares-massive-new-tenders-to-replace-coal,2026-03-18
https://reneweconomy.com.au/balcony-solar-approvals-put-on-fast-track-as-uk-races-to-bolster-energy-independence/?utm_source=rss&utm_medium=rss&utm_campaign=balcony-solar-approvals-put-on-fast-track-as-uk-races-to-bolster-energy-independence,2026-03-18
https://www.mercomindia.com/anzen-india-raises-₹7-billion-to-acquire-12-solar-assets,2026-03-18
https://www.mercomindia.com/exicom-commissions-ev-charger-manufacturing-plant-in-hyderabad,2026-03-18
https://www.mercomindia.com/ecofy-raises-₹3-8-billion-to-expand-retail-green-finance-in-india,2026-03-18
https://www.mercomindia.com/renew-offloads-11-stake-in-ci-arm-for-95-million,2026-03-18
https://www.mercomindia.com/cerc-proposes-grid-congestion-charges-of-₹3-₹10-kwh,2026-03-18
https://www.mercomindia.com/bihar-approves-₹3-02-kwh-interim-tariff-for-kajra-solar-plus-storage-project,2026-03-18
https://news.google.com/rss/articles/CBMizAFBVV95cUxOaUNlWFl4UWhzN0xBdFd3dTZrbERBeHlTVXpzcDllR201WVFCeHhWbDJJTGdhY1RwQjhWSWJpM1lKeE94dC1QUUxma2JvVHcxWVJ1WThrTkYybWRLamxuT1QyRjFrWXVwUzg4TnlhaGlReWpwUks2emtSNXNwWWw2WE5qNkh4VFZpR1J3b0VsbFBlOEZaZ253a05fZGVIWGdFdkF0MzNncEJzUGo2YVJNdy1ENWgtMzRyVlRiRlpfVXY2R3VkNFhJRmszbWg?oc=5,2026-03-18
https://news.google.com/rss/articles/CBMi4AFBVV95cUxPSk1Gc1RnQnRnaUNhZEc3X1ZDNVJSb2p3RFA2Z0lOVGJMd21udnVLU0FkbU5JNlZsZW9sa3ZBYk92TkQ3bkE2T3NUOWZZU09Jb1FLT0J5LXg0NEo4dTRaZ2pRQm45TGZSVkxlTy1UbGNRMEVhOVFKTExzaHNmSmVudHlpTVJ2Tk1Kb3FmTU9MbkV3QWhabXVhYnJYSmZKLTlxMm5DY1FRWlRYNjdHc19HLWxxem9haVNEU3dKOTFYTG1STE9zNWRWUF9meVVpY1lPVkVGcEh2VVFxYjB1WGtqbQ?oc=5,2026-03-18
https://www.esi-africa.com/industry-sectors/metering/milestone-utility-municipality-smart-meter-security-stsa-dlms-partner/,2026-03-18
https://www.esi-africa.com/magazine-article/factoring-in-the-end-of-life-for-solar-and-storage/,2026-03-18
https://solarquarter.com/2026/03/16/eastman-auto-power-appoints-rakesh-agrawal-to-head-hv-bess-and-inverter-operations/,2026-03-18
https://solarquarter.com/2026/03/16/vietnam-needs-18-billion-grid-investment-to-support-rapid-renewable-energy-expansion-report/,2026-03-18
https://solarquarter.com/2026/03/16/ministry-of-economic-affairs-announces-2026-feed-in-tariff-rates-to-boost-solar-wind-and-emerging-renewable-energy-technologies-in-taiwan/,2026-03-18
https://solarquarter.com/2026/03/16/the-solar-week-vietnam-2026-concludes-successfully-bringing-together-leaders-powering-the-countrys-solar-energy-storage-future/,2026-03-18
https://solarquarter.com/2026/03/16/nersa-announces-approval-process-and-tariff-application-timeline-for-licensed-electricity-distributors-for-fy-2026-27-in-south-africa/,2026-03-18
https://solarquarter.com/2026/03/16/gamechange-solar-to-supply-trackers-for-258-mwp-benban-solar-project-in-egypt/,2026-03-18
https://solarquarter.com/2026/03/16/acme-solar-holdings-ltd-commissions-143-mw-481-mwh-battery-energy-storage-system-in-rajasthan/,2026-03-18
https://solarquarter.com/2026/03/16/oxmiq-labs-partners-with-ami-labs-to-develop-renewable-powered-ai-compute-infrastructure-in-india/,2026-03-18
https://solarquarter.com/2026/03/16/nhpc-invites-bids-for-rooftop-solar-projects-in-jammu-kashmir-under-pm-surya-ghar-muft-bijli-yojana/,2026-03-18
https://solarquarter.com/2026/03/16/iti-limited-floats-tender-for-100-mw-250-mw-and-500-mw-solar-pv-module-manufacturing-line-at-naini-unit-in-prayagraj/,2026-03-18
https://solarquarter.com/2026/03/16/chennai-port-authority-floats-tender-for-2-mw-rooftop-solar-project-under-resco-model/,2026-03-18
https://solarquarter.com/2026/03/16/japans-27th-solar-auction-awards-79-mw-capacity-with-record-low-bid-price/,2026-03-18
https://solarquarter.com/2026/03/16/bgfa-signs-fourth-mini-grid-project-in-drc-to-expand-electricity-access-in-dungu/,2026-03-18
https://solarquarter.com/2026/03/16/novachargex-unveils-patented-regenerative-energy-system-to-power-ai-data-centers-with-continuous-grid-independent-electricity/,2026-03-18
https://solarquarter.com/2026/03/16/waaree-energies-limited-launches-%e2%82%b96200-crore-integrated-solar-ingot-and-wafer-manufacturing-project-in-nagpur/,2026-03-18
https://www.electrive.com/2026/03/16/essex-secures-8-3m-in-levi-funding-for-ev-charger-rollout/,2026-03-18
https://www.electrive.com/2026/03/16/green-ncap-to-assess-interoperability-of-evs-during-charging/,2026-03-18
https://www.electrive.com/2026/03/16/iveco-unveils-edaily-with-inductive-charging-solution/,2026-03-18
https://www.power-technology.com/news/european-energy-opens-108mw-solar-farm/,2026-03-18
